"delta_cost","delta_qaly"
1050.45388818898,-0.0024866907037031
1433.52003464567,0.00662272092785117
1785.06518425197,0.0145870965307981
818.467268503937,0.0200916533277283
858.736081102363,0.00721017316367283
1643.60493385827,0.0141377009598646
1697.11759370079,0.0016007265005632
1510.03310551181,0.00681826168032898
1428.50382362205,-0.0103131928837437
870.044983464567,0.00882755312670104
1247.46658818898,-0.00914446474478164
944.546111023622,0.00597352692309765
1170.34675984252,-0.0043192937638442
1796.25888818898,0.0104422060178822
1779.78877401575,0.0127384544077781
1752.35365826772,0.0029115749648337
1173.77342125984,-0.001222806081478
1147.55507165354,-0.0138557562234905
1290.14771496063,0.0159240839248277
1953.34326062992,0.00837066619239329
557.275796062992,0.0110756627700798
1792.1738519685,-0.0178247775496236
628.504566141732,-0.000367130700038271
597.540235433071,0.0106242730952265
834.380038582677,0.00678596797576893
808.67622519685,-0.000618959077753889
439.593426771653,-0.00811981869822741
337.227381889764,0.00918482109654159
783.379085826772,0.010124324295192
1914.51526614173,0.00952313968967432
1141.13693464567,0.0142297207715565
896.680558267717,0.00917841840611812
410.745108661417,-0.00747434342781074
482.04928031496,-0.000417080308493273
1024.22857244094,0.0028084959605922
936.102081102362,0.00185527117118574
934.394452755905,0.00189778331096704
1426.44279527559,0.00801419586412068
1826.32545984252,-0.00487992799668009
1396.5844,-0.0106953925420513
-15.5518850393701,0.0114043881065175
1083.05294645669,0.0036489191417808
1166.06008661417,0.0023493346699219
1458.83396614173,0.00161642063735873
2099.84169448819,-0.000371215918338746
1391.38046535433,0.0179078077252664
1049.71554566929,0.00492644990218112
1508.31827480315,0.0150261658771093
476.04651496063,0.00253371921938916
1523.73348267717,-0.00919462993203878
1526.04362834646,0.0111168383212879
977.601822047244,0.00818905183053351
1244.1168976378,0.0114252130188039
1554.65917716535,-0.00123252868545436
745.331362204724,0.0143291133782815
1328.3841984252,0.00975771098427891
1967.43846220472,0.00704195702436579
1644.09670944882,0.00507681611667125
1454.4785496063,0.00453468932399877
956.560697637795,0.0102362420303211
1113.63558503937,0.00182804356847592
1561.04250472441,-0.0146596926924176
1415.41799133858,0.0152194107153444
989.278331496063,-0.00164370213476908
1230.88100629921,0.017901512824244
881.74937007874,-0.005454995230319
988.649785826771,-0.00733286983890874
897.219858267717,0.0177098201533843
992.445006299213,0.00936036691512122
1048.19701023622,0.00945226815847197
1750.84753464567,0.00259110629651786
1520.13213543307,-0.00701894398723774
1024.71592677165,0.0111118907877788
1540.20855984252,0.0116918193234059
1243.52940708661,-0.0107969517157378
1280.30443070866,-0.00123308919033992
839.94028503937,0.0153381299616809
1290.72869055118,0.00869979034961492
1645.1840984252,0.00937432564255956
1159.82558346457,0.0195300489902828
1371.19141102362,-0.0172896570680205
1638.57473464567,-0.00330704349841279
1227.19609212598,-0.0130982985443041
1637.48063149606,0.00851786339849203
526.798668503937,-0.00909117366489354
859.227206299212,0.0168074396244617
1046.52126062992,0.00404421521231817
1502.22728897638,0.0118774111141651
752.367873228347,0.000209014427611343
827.262176377953,0.0170454494009604
1353.75787637795,0.00891596199345718
794.805505511811,0.0259791535298334
309.237249606299,-0.00539369539793152
1757.31572992126,-0.0130288390542558
1285.696,-0.00426729615676891
1159.15663622047,-0.00472176860849272
725.41038503937,0.0164998949053339
1395.38653385827,-0.00257922790452016
480.248951181102,0.000253779365874951
650.079644094488,0.0228355079844999
790.26494015748,0.0119874533137157
1533.88015826772,0.00465776326213843
939.376608661417,0.00416049841819054
965.172462204725,-0.00457152096234378
926.988741732283,0.00523652767223398
658.903621259843,0.0167444906142379
1218.70222125984,0.0190252065514398
1444.52558582677,0.00454597487429061
1264.27744724409,-0.00318995187203243
1481.6219488189,0.0107743806151541
614.253590551181,0.00435538165532183
1048.95359291339,0.00635825963233035
1136.38019606299,-0.00373349070585889
1255.69158661417,-0.0188250200757759
608.461692125984,0.00440722835723564
1458.01685669291,0.00501400723266882
1814.36438188976,0.0012009787277617
1578.78902992126,0.0070427546659337
1709.22935354331,0.00490096848776859
1492.25300314961,-0.000447638603696093
353.580778740157,0.0128082157081494
1131.45422913386,0.0132036411259681
1181.18815669291,-0.0130438541178246
1562.81967322835,-0.00173784539766204
1564.1449976378,0.012975073701003
772.499123622047,-0.000515470473788318
2110.94763622047,0.0149889677548007
1685.00542755906,-0.0133635898182132
964.302926771653,-0.00154876123030821
1448.94829527559,0.00176570895783817
801.532377952756,0.0180928821269005
1689.24769133858,0.00436270055565437
875.023789763779,0.00330828307652509
991.224447244095,2.87905490253121e-05
1094.02909212598,-0.00400061439958609
684.004702362205,0.00831679304973942
1736.81011732283,0.00280128484966073
2050.59731181102,0.0116089184950444
1240.92721496063,0.0131844114968175
980.877488976378,-0.00373517222051556
951.710186614173,0.00561688413178332
-269.035640944882,0.00504863996723201
1334.97512834646,0.0153423876430231
1234.70910393701,-0.00345480120939709
2723.30478582677,0.00443873519916786
507.730298425197,0.012307361477146
1689.71008582677,0.0205846173745736
2206.93958425197,0.00902344958420237
1428.25381417323,0.0173621023244784
413.189337795275,0.0144094595978378
1627.20351338583,0.013060345896188
1216.34026614173,-0.00410797264305002
1338.20508503937,-0.00110517550809229
836.496313385827,0.00882719742167754
1036.73686377953,0.000703282726209536
1580.92217401575,-0.0116886071992541
992.535556692913,-0.000627107956474637
1143.6670992126,-0.00128432149266763
1039.23564330709,0.00171859421063127
1347.9625992126,0.0114777926886449
1707.19389370079,-0.00312483629484712
494.869503149606,0.0145308412423806
317.818463779528,0.00140052924595924
844.0853,-0.0130076584369459
410.300324409449,0.0053511509213299
1068.40904251969,0.00496250545683843
593.250877165354,0.0114173336135858
1381.41723622047,0.00132248971958587
1179.94144645669,0.0139053177901017
1314.75778031496,0.00923331554808215
1244.47576062992,0.00821579438093852
694.494468503937,0.00120465434633812
235.547804724409,0.00350065482061149
1227.95726456693,-0.00328175610492221
2055.68603070866,-0.00840518035861534
1030.20834094488,0.000434445181005355
1070.74210629921,0.00795514883021553
1635.66334330709,0.0141279783558883
1511.96716062992,-0.00575918769907355
770.26335511811,0.00582533805450909
1223.96418346457,0.012291419424728
2099.06537716535,-0.00329105833023439
2056.26451653543,0.0135159501366231
746.861796062992,0.0025545117948552
1409.33266850394,0.00494606757317553
916.140118897638,0.009723714207182
1252.03551338583,0.0204454612577945
1209.0548976378,0.00315897319816544
614.634003149607,0.00135800632723784
1726.57093543307,0.0150337219141242
1729.77051338583,-0.000358723126754945
1032.30607795276,-0.000740232932895699
1516.38406850394,-0.00231947700582601
874.41553464567,-0.000671495631834523
1651.89887716535,0.00409054309689728
1055.85725354331,-0.00600740513185338
1392.41562283465,0.000139802853185447
1015.67135354331,0.00127586002468377
1150.35226141732,-0.00787234501231494
1081.62238110236,-0.00439437986062831
1501.1223015748,-0.00190912275595941
831.964346456693,-0.0172149805709605
2060.9328503937,0.00811449390181464
1388.64058897638,0.00322432591203307
956.618594488189,0.0100050122071497
1876.81052204724,0.00184167892771103
1917.82440866142,-7.7209547985152e-05
1248.75854724409,0.00911643950050391
1262.71211732283,0.00724962408446378
725.500760629921,0.011391324031108
2165.90379212598,0.00902875282273494
371.528522047244,0.00282450268665083
1089.86292519685,0.00316989226449363
2117.0161007874,0.00964977067804923
317.319859055118,0.0290694002058777
1423.9788023622,0.0130449320118353
577.551627559055,-0.00704362776008235
1323.23787165354,0.00304690455787483
953.359457480315,0.0126482993527246
1463.86010866142,-0.00334474823090644
1131.04067165354,0.0121765159231893
1149.90463779528,-0.0109200040959972
860.980041732284,0.0171736972303513
1655.22712992126,0.00894851439257978
1148.76776377953,0.00442089605329107
622.180145669292,0.0026860148641584
1261.92011574803,0.0037399904067433
1744.33396929134,0.00214548335462174
800.733997637795,0.0128022441753302
618.203481889764,0.00548395824238603
2262.55912755905,0.00359823656539851
1553.2098023622,-0.000526508108457696
1009.4907480315,0.00295989695333258
860.355209448819,0.00724028952233127
1385.30255275591,0.0210495885139614
545.91897007874,0.0140863069734353
696.789445669292,0.00933788204605841
1138.02899527559,0.00279040889909296
1542.64568110236,0.0242256894479566
300.744470866141,0.00306308374697516
1714.2797976378,-0.00305435280548863
1489.45775354331,0.00573323201129633
1306.22641968504,0.0140881286143134
1767.47161732283,0.00565708957838175
1698.65885905512,-0.00414316588249877
965.239271653544,-0.0155393404366549
831.72127480315,0.00526399241162616
1003.45474488189,0.00938254997386107
1345.94341811024,0.0104186001390483
513.404722834646,0.00936893617250616
487.95115984252,0.0177056271456828
1892.39822362205,0.000245835287016216
779.337758267717,0.00709405164190206
1704.43202992126,0.0158007512921255
697.768556692913,0.00676632874689431
1342.89876535433,0.0177603518246051
1544.05302125984,0.00292788350121533
1870.47001574803,-0.0147240860806157
1395.03126614173,0.0241861846324651
1576.46469527559,-0.00365182945560963
1426.75635433071,-0.00147107740895838
1159.98695275591,0.000319142858682717
1726.76792677165,-0.0239234910831218
477.952333070866,-0.00833408246967075
1593.12618661417,-0.0119048219588568
1152.93267795276,0.0113360172894199
1349.16024724409,0.00660260742561183
708.952935433071,0.00355619869898192
1132.36345511811,-0.0104579756072585
1055.76060551181,-0.00539794230033359
1027.45922283465,-0.00654512333802217
2071.33637165354,-0.0140782551051755
1147.6156023622,-0.00710273946762816
492.312292913386,-0.000641788872900118
1511.4781,0.00643164265657759
1396.59714724409,0.0140346650713835
1297.41443779528,-0.00334803580763904
1137.55434488189,0.00514726726920942
912.891569291339,0.000578236242030322
922.48864015748,-0.00770980937444421
1477.64302677165,0.00104775609414327
1063.02382125984,0.000284898165963346
804.460167716536,0.00952888486475126
1425.75343622047,0.0155135464329793
1385.35091811024,0.00307000382652374
1551.66175354331,0.00360371226697279
1592.49948188976,-0.00334489913606795
1837.93029685039,-0.00427852781236021
1147.40207401575,0.00428643955439863
2016.5783992126,-0.00796456962386888
613.194826771653,0.0176202148242763
1320.42081417323,0.0136680517604704
675.128080314961,-0.00154289748689011
1230.41187165354,-0.00842879701638938
190.236290551181,0.021823710434553
876.493266929134,-0.00176965404991727
614.757514173228,0.00608895859270157
1440.70846456693,-0.00860752262230055
76.384294488189,0.0116969608778369
1046.99453543307,0.000798105062329219
1226.90542047244,-0.01227144604871
969.252379527559,0.0114706139145338
662.037889763779,-0.00971984456768366
1569.88448267716,0.00975163166205867
833.307532283464,0.0239324591612907
1397.81895433071,-0.00214642112241104
1483.89698661417,0.0100138078222768
1347.71710393701,0.00677654718211558
1703.34936535433,-0.0053481328181
1106.37298818898,0.0060396772785332
746.213848818898,0.00659715328191779
942.513181889764,0.00465285884438982
1592.52236771653,-0.00884883075447192
1365.77243779528,0.0100702247947959
881.974386614173,-8.4291311635426e-06
1483.56239527559,0.00814825354222919
1537.5641015748,0.00479647744237309
763.893107874016,-0.000411539933278374
1198.06055590551,0.00434595008272837
1043.28816377953,-0.000487951839695591
1491.38938503937,-0.00721111093146211
912.949025984252,0.0139355958328617
1809.66999370079,0.00757122454149083
970.676182677165,0.0203386742981563
1124.53501574803,-0.00426081801376471
1057.25114330709,-0.00315999719747558
312.715137007874,-0.000472376271241248
1342.19456535433,0.0145370930276426
848.174011023622,-0.00613108269063903
894.297407874016,0.00863950373759748
1435.53835590551,0.00871361972977196
1109.4868503937,0.00152440082566681
628.214013385827,0.00143262892959736
1551.74602519685,-0.00416369976340226
1097.5346488189,0.0109011948455108
1792.67974330709,0.00313382593089621
1211.59287244094,-0.0050740567080039
1468.27571889764,-0.0215258775404614
619.775249606299,0.0201383369173309
798.437111811024,0.00261596253240419
695.907122834646,0.00503239610449105
879.27082992126,0.00469932685519034
2118.60410236221,-0.0108081510345088
1078.42907952756,-0.0153125946525678
2420.89193543307,-0.00835753744334321
954.146541732283,0.0130903868022657
615.369118897638,0.0196739047249484
1498.29121496063,0.00544264256495659
1907.58022755906,0.00651353026456908
1101.11588346457,0.00602102971214841
357.022723622047,0.00124647663395258
1678.19534488189,-0.00803269252534398
1090.16097480315,0.0151154478380141
1639.19390787402,-0.000630902143392245
1124.13732283465,0.00400741591079348
1530.73731023622,0.00279215508739025
1093.1875023622,0.00321161754164713
359.090640944882,0.00195285291597276
619.959261417323,0.0211699138223738
2102.39794488189,-0.0224167246034697
1427.76971496063,-0.00278316545134116
947.125919685039,0.00439621228044647
1454.58993307087,0.0154050132850437
1254.53315354331,-0.00534437096800271
1041.8364,-0.0011542089066382
1204.76563385827,-0.00271224002543831
1053.2761023622,0.0124526076950853
1309.98824566929,-0.000524988277902635
1037.39333700787,0.00957761645297417
1308.42519133858,0.0188244595708904
1687.12358740157,0.0124514220116736
204.01859527559,0.00815231720264946
1019.90528267717,-0.00350881447827235
1299.61027874016,0.00535725180143037
981.464144094488,-0.000454569462184792
656.278877952756,-0.0022723407007389
1234.59091889764,-0.00471020280575811
1175.27085669291,0.0192490743585183
823.017687401575,-0.000711593289031892
1377.23951496063,0.00390692385217761
647.916759842519,0.015944197427067
2311.12849370079,-0.000549736724387892
1196.66546141732,0.0150255083617628
948.867736220472,0.0118735845904272
1070.48898976378,-0.0116945140584327
1132.08188425197,0.000212625372547126
1985.10251732283,0.003025529919643
949.032553543307,0.0084689916840477
1296.74802362205,0.0120462632109385
763.66861968504,0.00418606606412392
1316.9351488189,0.00125699687949685
1539.80249606299,0.00829552620090866
1012.49840787402,0.0129276894802934
1569.24359448819,-0.0134967420653527
1063.78229527559,0.0166448393129504
1332.19551496063,-0.00333926175039208
1028.37881338583,0.00865898128237051
1246.55203149606,-0.00265887349296944
2158.46001732283,-0.00309466604148814
1681.70566141732,0.00164156790462792
1614.20654409449,-0.00312918020771018
1623.50262204724,0.0158386608244811
1553.8197976378,0.00611562569052586
992.002885826772,0.0214491853816014
1995.31153228346,-0.00514230895676028
1317.61731181102,0.00889293817738902
1959.12996456693,-0.0237637579696788
1628.56431811024,-0.0120792683255455
1152.10559685039,0.0173466668822455
773.194746456693,0.0155847305534447
1859.02718188976,-0.0142845532398799
1237.53600629921,0.018997580127946
1339.22646299213,-0.00214580672282494
475.392044094488,-0.000656706926007972
808.431261417323,0.017482039591047
1080.92144488189,0.0156716088107056
1230.78979606299,0.00460666030709199
1344.6133023622,-0.00190647113669314
715.233207086614,0.00776675451502853
1014.57819291339,-0.00931048198030687
1254.72262047244,-0.000763828032789543
1547.41095275591,0.0140620004634944
1067.34446614173,-0.00483548642661967
809.529344094488,-0.00228994270993332
1686.18916771654,-0.00462091006591323
433.272930708662,0.00563043325949759
1001.7388984252,0.0114092062927452
1040.46705826772,-0.000563878693808043
2130.15707795276,-0.000487391334810044
711.888138582677,0.00582434639201927
832.042530708661,-0.00212582256786691
704.69902992126,0.0111275094719936
1556.33694094488,-0.0195451502853724
863.317873228346,0.0233780659347766
745.530312598425,0.0156660792144308
563.688217322835,0.000827434558359874
879.886132283465,0.0262394325965928
835.777784251968,0.0170747896759312
1937.9105,0.00864278053538996
1333.83779448819,-0.00553551391291694
1432.42161811024,0.0196430446194226
1547.3704,0.00207309199286435
1032.34023622047,-0.00443240796132517
1188.26108188976,0.000841436401558635
1157.9457992126,0.0036252378103661
494.407222834645,0.00999227149994342
1760.16034015748,0.0107468835389416
1947.53263149606,-0.0107265005631996
1083.2614984252,0.0115149045794327
1790.50636456693,0.00657112214155982
1497.34037795276,0.0168682436256043
1256.03163070866,0.0102480018539777
1176.77262204724,0.0102739252049346
1569.2448015748,0.00444623734148221
543.89827007874,0.00546766048494451
472.417733858268,-0.00709059160212777
1872.8639496063,0.000645777080739651
1095.78453858268,0.00428953311020927
637.833297637795,0.0245466431685772
1424.60503937008,0.010232695759026
1201.85992598425,0.00604638177927964
1809.04686062992,-0.00187359536936733
365.54851023622,0.025072148835605
1015.10273937008,0.0145081192366354
1404.00645354331,-0.00103932696297973
1753.48553149606,0.00792282278883517
1729.69948661417,0.0102547171336643
1325.20966141732,0.00230796509779192
610.783603937008,0.00156676206028661
330.300983464567,0.00345757139700453
805.715332283465,0.00397065972502923
1297.96087401575,0.0134285437112969
1475.99092204724,0.00409718292400309
1193.24274566929,0.0117767465925076
1732.96403464567,0.00829720771556533
1836.04895669291,-0.000902822465466968
1651.4620007874,-0.00860614291796688
1633.50408110236,0.0079292039213784
1071.38713228346,0.0246066710860321
258.350992125984,0.00260631538100858
662.792132283465,0.0129821554646532
1553.61886929134,0.00553971769955859
1653.25169370079,0.000732493653899019
1964.86326456693,0.00738716336022679
1389.89167795276,-0.000578451820832451
1660.80056220472,-0.00494747961432954
1051.46446062992,0.00883520617417689
1153.58937795276,0.0050250664252184
745.757403937008,0.0114599643217082
1342.50928818898,0.0188317784712229
1069.31996771654,-0.000625135410435101
1085.44099133858,0.00055985814914819
865.021292125984,-0.000771351732984094
644.151756692913,0.0196540714751518
1422.71846220472,0.0272103564056546
699.02211496063,0.00806466286170081
1440.81985826772,0.0109412493869478
1319.81197244094,0.00283302882827531
1129.02172677165,0.0200839248276717
1222.89936299213,0.00517344931472889
1087.80018818898,-0.000251440335871767
1752.18174330709,-0.000543118455162306
480.136973228347,0.0120694163742879
1284.32444015748,0.0188455755145597
1763.47597874016,0.00114631872248001
678.276267716535,0.00364389615569101
1397.61927716535,0.00152990886406139
1279.82183307087,-0.00530305529057327
1293.92631259842,0.0141709863269145
708.446494488189,0.0171896608406495
1101.02263937008,0.0141998307706403
1256.97197716535,-0.015895961670089
1120.83865275591,0.00581974378459366
476.847094488189,0.0143751610104178
2397.1795511811,0.0081583641880494
1750.45582125984,5.23964278592443e-05
1430.27041181102,-0.0128358421316432
723.093910236221,-0.00642726640689421
624.976571653543,-0.00794032778756866
1455.40840944882,0.0141229122540381
1212.60833700787,0.00977833109670326
1408.87727480315,-0.0185492947878435
1393.78322125984,0.00564753943744711
1422.51004015748,0.00778939028925285
1323.83658267717,0.0143306332088366
376.753827559055,0.00418006219448441
1181.7516503937,-0.00483752364629986
1204.13428503937,-0.00457103591003896
1382.22312834646,-0.00307938150441667
1585.21831496063,0.00263865220132904
1502.60407086614,0.00138341228906962
866.405873228347,0.0033389814979493
1307.64065354331,0.0111740852721952
679.570377952756,-0.0119389911989954
974.70888503937,-0.00476725573574351
1277.91358425197,-0.00432430597099388
1545.75762204724,0.00371261189887198
539.560649606299,0.00815998102906541
1182.29633543307,-0.00287739494575499
1948.17111496063,0.000983998663411409
71.2849039370076,0.000194107153443604
626.899601574803,0.00524568977132478
2383.66515669291,-0.0179670918958539
1450.68535511811,0.00789700722727933
1526.10306456693,0.00635894948449718
457.382665354331,0.0229676901270298
1364.8098976378,0.00693834985205903
1221.03044409449,0.0096078513799738
1335.61420629921,0.0178292831465882
403.69138976378,-0.0125643637461128
648.434593700787,0.0165840137539276
1502.50078503937,0.0145115792764098
2080.57312283465,0.0125615935585054
1654.2486511811,0.0115533099430333
1278.74332834646,-0.00386534948018563
1921.47994566929,-0.00878371517728661
1542.61697795276,0.00935850215848276
1213.63644724409,0.000636690434229606
1637.91007716535,0.00842651188108673
1437.96563464567,-0.00142421057737392
1397.25162992126,-0.00233949349760437
2008.93671732283,0.00414624865936933
1299.32525433071,0.000462535098923716
973.236386614174,0.012577093674379
1061.47106062992,0.0180259125720168
645.129629133858,0.0132183220423936
1620.33740472441,-0.000297714325750348
1723.36776929134,0.0120993602699047
915.390392913385,0.000492683794402496
782.959431496063,-0.000937056379246237
1318.35439606299,0.00976517001083284
1526.41902913386,-0.00248837221835978
1428.90111023622,0.00528559340760022
1723.11727322835,-0.011878208755733
1767.49860314961,-0.00672229677655796
736.195619685039,-0.0143144109039758
764.135198425197,0.00873198704371399
2082.48525590551,-0.0180256430985141
1023.75412283465,0.0188508895320323
1246.65247401575,-0.00275487073356076
1197.88634566929,-0.000501608756810934
1569.91642519685,0.00747072170393485
653.370133070866,-0.00245971101661574
1295.16359133858,0.0103470064188588
2306.04560551181,0.0193446835572658
1054.45618740157,-0.00363535923512641
1730.92562362205,-0.00417011323276582
931.992818897638,0.00322810932001057
1040.78061653543,-0.0014992427794575
1035.50831653543,0.00934898435436843
1549.76717716535,0.000621276549876856
1045.86334094488,-0.00193303044511632
1481.98201023622,-0.00453419349275386
468.760704724409,0.00299299907840062
1834.25783937008,-0.00672827908831725
1107.64980551181,-3.89766474262615e-05
1893.96672283465,-0.000379451028580363
1036.66996614173,-0.00368099726753868
881.343447244094,-0.016207063439452
1204.68970866142,0.00163468016189967
925.284874015748,0.00995194748500379
1548.64600472441,-0.0107063331662598
942.453005511811,0.00190988806070699
1381.11414645669,0.000306078783273239
1606.22413464567,0.0200729626455831
702.81642992126,0.00660650940193051
1674.86204566929,0.0155725611300641
1506.6301015748,-0.00492323777802929
1084.04167165354,-0.00513534576145128
1212.08914015748,0.00528060275833077
1505.79677637795,-0.00245856844896442
1402.70562204724,-0.00275437490231586
897.153123622047,-0.00190389497000761
1573.5139976378,-0.0018503236376767
1583.7591,-0.000860267209925242
1061.56043937008,0.00110730973823345
628.973656692913,0.00993928223037829
1950.39500393701,0.00168534118040173
914.592612598425,-0.0022438842988569
1142.60293622047,-0.00430147617584763
1378.8443488189,-0.00150884681509267
1108.43069527559,0.0144399532193999
1251.98764488189,0.00637347949576118
1123.15133464567,0.00449233886831908
1189.81682519685,0.0146280133874436
995.698481889764,-0.00701769363018534
892.315868503937,0.000326472537955341
879.333218110236,0.00716010498687664
548.529521259843,0.0144965210970805
1345.61637952756,-0.00203534414461026
951.458372440944,-0.00250009970519599
867.256397637795,0.0165630594943599
1332.46322362205,0.00382134984666957
1772.53351811024,0.0125806076088538
1245.79195511811,0.0151957724996901
1604.24214015748,0.00666469412062712
1523.74091653543,0.000850652395349968
1544.96713070866,-0.0206260623992843
1349.37250314961,0.00297598991091205
877.64028503937,0.00752587754046144
1876.21007795276,-0.00131314437851326
1556.3924519685,0.0013498790063973
1219.05091023622,0.00546011522686973
1241.86816614173,0.00864750171115673
1338.06614566929,-0.010654389453885
456.415958267716,0.00896627808587581
1343.20057795276,0.00252364091038927
688.269771653543,0.0215117247921012
1180.14467559055,0.00138492134068456
580.228040944882,-0.0037507262310897
137.285500787401,0.0129850226627216
924.862263779528,0.0120719278673328
1154.27317559055,0.00161871655160148
1295.33081259842,0.00196024726888605
1014.36207165354,-0.00515441370650024
1013.13653464567,-0.00629684123160169
1702.39438267717,0.00338772386511234
846.100468503937,0.00308975084479943
1569.43839133858,0.00282175405692359
1575.02189291339,-0.00701505278985917
963.26025984252,0.00987191385471066
841.469500787402,0.0106863274534215
488.966962204724,-0.00591349900564277
1704.14777559055,0.00754038599384523
1483.66077322835,0.000277891854893908
2013.37533464567,-0.0257332104534161
1444.31460944882,0.000665653446296627
923.726980314961,0.00118353840266887
1206.17432125984,0.0116871951581001
1416.1843496063,-0.000146960069416377
1726.54761811024,0.00837908454461672
1366.26232440945,0.0116068166017236
557.530254330708,-0.0126533007809342
825.267592125984,0.019239955375188
1035.81942283465,0.0154347200439781
159.843157480315,-0.0167416449740497
1323.53376929134,0.0195520272491606
1388.1019503937,0.0120896484448684
1754.53465433071,-0.00562712412488481
909.005141732283,0.0170310056212173
826.876552755905,0.00560318409890756
1426.54240629921,0.000493988046155427
1243.57018897638,-0.00247531892189042
707.156237007874,0.00587967469158758
1415.13158267717,0.0275867677731249
896.969571653543,-0.0153075285507176
313.667222834646,0.0161583857459296
1625.91404094488,-0.00124415916182961
1305.43282992126,0.0107695839868066
706.17164015748,0.00376751981977612
778.089952755905,0.012200305044005
426.405083464567,0.0012386080076746
1085.51971889764,0.00653287846206083
1326.23777322835,-0.00575816369976341
1393.1734480315,0.00481083499059537
1635.20070708661,-0.0141352649194005
1725.55452834646,0.000302780427600555
1281.50607322835,0.00750328488199756
1108.75958031496,0.000454763483106704
1329.5881976378,0.00686299428177228
1233.74157401575,0.0160602111594367
846.614015748031,0.00309760869213731
845.05394015748,0.00265649134720583
1193.61796456693,-0.00134945862773314
2275.92037322835,-0.00910445331910513
1880.05453228346,-0.0158116703584537
761.600762204724,0.0186208453922726
847.369944094488,0.00210333769880408
1353.60109448819,0.0238704802556765
1386.43192677165,0.0246375850862585
1168.24486929134,-0.00778923938409137
2057.33401968504,0.0134312492252637
1627.15556062992,-0.00797860380388796
655.657033070866,0.00680712703519863
780.03778976378,0.0058228157825241
1183.58922598425,-0.00417443558774866
1508.41390787402,0.013422205694514
1526.27541496063,0.00969941847618123
1724.51202913386,0.0158986025104152
1074.40475590551,-0.00296272103564056
884.398786614173,0.000125078820999533
1087.13632047244,0.00186030493621563
1535.06923385827,0.00465072461424867
1343.52404173228,0.0120456919271128
377.919783464567,0.0111053910868944
974.645037007874,0.0141621368170868
895.73875984252,0.00757098740480848
1048.43289606299,-0.0114147035521997
1368.45311181102,-0.00942458784027767
885.318861417323,0.0017360345357241
1232.20191732283,-0.00326892916619509
1359.03911023622,0.0125889612874366
1519.45588267717,0.00182275110888346
1510.35131181102,0.0297244902908697
1101.37221417323,0.0160707529628612
1713.22291889764,-0.00103883113173482
1174.42104409449,0.00020700954475146
1208.6411480315,0.00648969802799292
955.861207086614,0.0013955493756299
1037.52707007874,0.00485325011991571
1488.87037480315,0.0137235417441403
958.283353543307,0.00762936614442702
1402.63993779528,-0.00187058804507753
1628.32285669291,-0.00570102453825716
2397.87071968504,-0.00258109266115862
1516.63096929134,-0.00474348817280798
1041.78493070866,0.0067362555039963
802.193751181102,0.0142529925032472
1607.67763385827,-0.0165732024770004
1030.06635433071,-0.000663961152699843
648.043027559055,0.00190195476078836
1523.15599370079,0.00925778374212465
1162.82815511811,0.00722458460659563
618.778653543307,0.00981357823085256
1231.08676929134,0.00882549434914065
1237.3658015748,-0.00184076271780195
693.406909448819,0.00917992745773308
361.063630708662,-0.00236915714077834
1605.84737716535,0.00865039046710538
1188.93083779528,0.00213378820460586
1588.88733700787,-0.00459927673311883
1302.01576692913,0.00925307334529796
833.012277165354,0.0172734132052795
1300.25844409449,-0.0113990740890448
914.552368503937,0.020243992088258
1336.02299527559,-0.00396358874031917
1353.30703149606,0.00460562552884175
1122.06588582677,0.0137755070143953
1049.40074409449,0.000756713932319034
1198.89521732283,0.00988586180320888
1169.87754251969,-0.00514939072041047
984.775057480315,-0.0036086490215417
1464.52264251969,0.00907060744716971
736.622092125984,0.00886601238500218
1410.57467244094,0.00392222994712929
1025.95709291339,-0.00910367723541744
794.604296850394,0.00243470387556791
1519.65660393701,0.00397476650120994
1219.20615354331,0.0161084038006543
1277.21459448819,-0.00461351571299995
806.808325984252,-0.00400560504885554
1565.24457086614,-0.0102031722420734
1145.63688188976,-0.00480872231833444
1470.12220787402,-0.000680205015440832
945.106958267716,0.0152509067783365
1351.17896929134,0.00191073959697544
1997.54246299213,-0.00505891229715383
455.92724488189,-0.000408360145946862
1397.95350866142,-0.00215889235611463
1327.61597874016,-0.019874673263378
1571.14843543307,-0.0111083337375436
725.679021259842,0.0106865969269242
300.491251968504,-0.00766817032881156
769.238462204724,0.00127216284822713
1174.20064488189,-6.52988191671144e-05
1855.08898976378,-0.00914034718966085
1532.36084488189,0.0114532921577821
1383.0285007874,-0.0123371113518408
749.555283464567,-0.00431602774499185
1144.27319527559,0.00352291333193207
1425.84839055118,0.0179875395452365
1431.41017795276,0.0162218413663384
1240.31793464567,0.00262080227651215
1195.70238346457,-0.00890042954076325
1597.94751417323,0.000516343567936964
1864.69012283465,0.0124179749605221
1188.38047480315,0.0069452375947873
1216.5240023622,0.00389248007243448
772.266205511811,0.009221695850647
1870.06714173228,0.00175054298910787
1542.53361496063,0.0121660819091659
-10.8282677165357,0.00372110570367616
524.458034645669,0.0024681940424798
1144.85761023622,-0.00129580106388139
1257.17595826772,0.00739954836240952
1719.54193543307,-0.00121965863096682
724.293462992126,-0.00604307264466686
1335.26582047244,0.00911541550119378
1493.53622362205,0.00382441106565992
609.920872440945,-0.00446313871956971
1977.41094724409,-0.00562882719742168
1186.9986992126,-0.00555862396050598
855.188863779527,0.0210139533379683
1432.21347795276,-0.00593761149466172
1597.44194488189,0.00509046225484648
1170.3169992126,-0.000273752741892883
1621.89592519685,0.00980762825591359
1724.12517007874,-0.0108311964084572
1237.82403385827,-0.0176798654788275
1558.45468661417,0.0179268864492554
960.676682677165,-0.00106876424841146
963.538974015748,-0.00517799802745396
893.859492913386,0.0173030337326931
1634.69063622047,0.0141940748166233
629.968266141732,0.00127930928551796
911.547861417323,0.00779790565193723
857.965351181103,0.0083770042091761
725.395047244095,0.00227242693225975
431.954874803149,0.0169110467967685
1646.13322362205,0.00147847176187164
1713.16479606299,0.0100313559367707
1745.41457401575,0.00240937336631689
1202.26475826772,7.44393603776955e-05
1805.20404015748,-0.000590545791632299
1639.25352204724,-0.00422603437404
1040.8797023622,0.0074213433793055
1223.98664173228,0.0138517141209505
429.280575590552,0.0177182061687874
1284.33369527559,0.000549273229963301
503.621211023622,0.00680395802680722
1564.52510866142,0.0108161058923076
942.972822834646,0.00569949392876198
864.593981102362,0.00868988450365675
1014.58051732283,0.00432879001007831
1597.88584330709,-0.00257588643308704
1695.13417716535,0.00862317364333566
2197.92442913386,-0.0178526518887398
933.716490551181,-0.000245996971117837
1091.28575590551,0.0158267608746032
965.780774803149,0.0153165289657068
1623.43513779528,-0.00538548184557013
1477.42768740157,0.0198512290686457
2087.80042519685,-0.00336105676728807
1365.6588503937,0.00855555735204558
1172.09450866142,0.00806507246142486
656.460453543307,0.00723009264499022
981.528305511811,0.00109506486227209
722.168992913385,-0.0039250755873175
152.278727559055,0.0143073399192657
1008.07781181102,-0.0187583631101554
1390.53257637795,-0.000429411415975467
1187.49717007874,-0.00372395134386437
984.575056692913,0.0118675160471471
1027.69867086614,0.00656924660598124
819.164937795276,0.00137783957703438
1528.57209133858,0.0141901728403046
1110.08695669291,0.0117105746791918
973.309963779528,0.00123505095743935
1090.84591653543,-0.00637457894765207
1393.44939291339,-0.0125764253800924
984.345177165354,0.00458004710396827
1053.04123700787,0.00402604191929808
1336.83127480315,0.0104503225597827
1788.96594173228,0.00893131120416929
1301.67128031496,0.000300236597735343
2081.50985511811,-0.00810675462281794
802.558835433071,0.00086751065767704
434.355592913386,0.0085405961831773
1045.29582913386,0.0141956700997591
1326.64083149606,0.00345043573865382
456.561433070866,0.0174867499878737
442.213277952756,0.00229393091777286
891.388838582677,0.00412645852533319
1331.04564330709,0.00199373743579795
545.623521259843,0.00900527629118228
198.612728346457,0.00968810058906908
658.165330708661,0.0172319789595089
1440.18217952756,0.00921211337289203
812.675926771653,0.00324986122114612
756.275767716535,0.0106592723137534
1454.79806692913,0.00938948083234975
1518.68227874016,0.011593439937051
1558.54420393701,0.00667379154607728
1067.3355015748,0.0079299800050661
1429.21647086614,0.0116882299363504
459.075957480315,0.00453805235331209
1478.56988425197,0.0102657547683336
63.597768503937,-0.00180645335144196
1479.86989055118,-0.00516376982651295
2094.00716377953,0.00145059742275543
1256.95319448819,0.00379156763515444
1892.82124724409,-0.00742325125170443
890.869851181102,0.00322602898456995
806.782120472441,0.0122624887494813
1523.79744724409,0.00599583932911876
1376.06068740157,-0.00576909354503172
1618.44463779528,0.0145201485337947
2103.05182755906,0.00484088667561318
1270.1328976378,0.01515943669259
1462.8063480315,0.00934535185155246
1412.85107086614,0.00265005631996205
1463.25916692913,0.00671575395991313
1244.72955433071,0.00847900531940694
1446.83511968504,0.0325364570701763
946.065855905512,0.0112349431680383
1373.81826850394,0.00114634028036023
1408.81205354331,-0.000784458924153991
1817.32426535433,-0.012471039682668
1143.51095275591,0.0130501813556673
540.650000787401,0.00352998431664214
1657.44862755905,0.00235281626757641
1587.89527637795,-0.0141511099613575
1883.01455748031,0.0113491999331706
1948.1178511811,0.00612568244164551
925.185259055118,0.00835379715112614
1158.87775905512,0.0164501177599207
1156.09951811024,0.00466949074897466
1820.47492834646,0.00911568497469643
1017.48954409449,0.0055008272836532
1413.13743700787,0.00426199291823634
1546.64187086614,0.00456811481727001
1636.47358740157,0.00513470980398498
1492.66300787402,0.0205812866820805
2485.43068897638,0.0117296210663605
1594.63164566929,-0.013747427875417
1818.65152283465,-0.00580592518337672
1785.30730393701,0.0192149590130802
1757.77226062992,0.00120344710504616
1495.57269055118,0.000392471988229393
1942.80121653543,0.000777700528707015
1421.30887007874,0.0156611747966822
1290.02084409449,-0.00753513665001321
1429.08799448819,-0.00307269856155044
1237.30738897638,0.0203312907241831
1547.31052598425,-0.0110605614749902
646.485839370079,-0.00275848167849656
1017.72632677165,0.00277837960193374
1067.72029606299,0.0118068521722259
1420.45541811024,0.00302703897125796
949.442494488189,0.00427278263728328
1225.10805748031,0.00462283949619234
1517.18519448819,0.0165741833605502
1540.69248661417,0.00945336761036286
1136.52456929134,0.0047424426156176
377.176663779528,0.00492474682964425
897.008046456693,0.00843030606800432
786.696116535433,0.00463410348860396
1120.64387559055,0.0150532533535977
770.081446456692,-0.000106582159776228
985.883716535433,0.0114594145957628
1654.09863464567,0.00696795960053248
1750.51767480315,0.0100313990525312
1012.13542992126,0.0100227866793858
271.079750393701,-0.00167071415867678
1649.2376511811,0.0108142734724894
1747.04732440945,0.00699485305609898
600.249361417323,0.00153256048332767
1136.30391811024,-0.00170069039111384
614.843616535433,0.00532471018124789
214.485545669291,-0.0163989824680539
1090.25478740157,-0.00116519264660706
1652.80790944882,0.0132026171266579
1366.24123779528,-0.00788683190781851
589.758040944881,0.00935586131815658
891.78744015748,-0.00100614938533095
1463.69506141732,-0.00241505386775319
931.739502362205,0.0111925172597779
874.626622834645,0.0116698626224084
2053.52435984252,-0.0167630303912216
963.216231496063,0.00602862886492371
1914.81621496063,0.0249161883511994
1607.07246377953,0.000669113486070919
910.296323622047,0.00257656550631377
1315.94580472441,0.00963211477415425
846.910737007874,0.0190673306493772
1651.94335669291,0.0064574582181334
540.43431496063,0.000400987350913776
1749.44980314961,0.0164052126954356
1918.99257322835,0.000602133152247136
1384.61958346457,-0.00643636383234436
1695.52972362205,0.000363325734180561
1005.70743937008,-0.00472895816154398
1117.3789,0.00795337030509789
921.647600787402,0.0112913816984376
166.474842519685,0.00152288099511175
1899.63368031496,0.00836938349852059
619.435308661417,0.000396966806253937
1047.55809212598,0.00621597762292034
1475.76515511811,0.0176484233105359
1104.3146984252,-0.00630469907893957
1055.70096220472,0.00640712056783457
1521.33054488189,2.26142163440995e-05
1452.01942913386,-0.00719247414401741
891.405409448819,-0.00569414757446901
1274.61086062992,-0.0168092181495793
636.685991338583,-0.0136775372277644
1368.75545433071,-0.00708397333290217
1578.93205669291,-0.00515363762281254
705.827655905512,0.00673795857653316
1190.63751653543,-0.0059329765504158
944.723603937008,0.00521546562326526
1102.67835433071,-0.00437372741138364
971.674287401574,0.000147865500385341
1633.14383937008,0.0136128959239438
1125.21085275591,-0.00337192193891575
1456.63325826772,-0.00496487682366194
1329.35082992126,0.00610344548820514
757.973002362205,0.00434244692719364
1357.11189685039,0.00565297202326095
-245.408186614173,0.00242548788177659
1151.20826614173,0.00200915132015068
1627.70163464567,0.000362948471276811
1773.09947401575,0.00812655553579417
1617.05048582677,0.00708110613483377
1764.31390472441,0.00828643955439862
1156.35766535433,0.00302106743843877
1385.45348740157,0.00781867666952307
1296.18363858268,0.0130130371280592
1185.2403,-0.0174968606336939
1034.32884724409,0.00408494882698185
557.083750393701,0.0146857669485359
1360.94916062992,0.00459858688095199
1115.10789133858,0.0115688423957272
928.904487401574,0.00159223269575903
1229.18025511811,0.0174049593903431
952.030694488189,0.0143667857739549
939.888432283465,0.0108025459856532
1538.17151732283,0.00719860736093819
1389.34531732283,0.00304652729497107
1587.91700629921,0.00555027028192318
1495.27503937008,0.0158377230566918
1248.31035984252,0.00269579136283529
794.799568503937,0.0126776396276954
1000.85876456693,0.0201587414509531
1033.7319496063,0.0134403358717737
1681.24384173228,0.012654389453885
1414.55640866142,0.00972551429017984
911.106648818898,0.0052077802389691
1474.44497716535,0.0125925398955521
1115.28621574803,0.00884561863032009
787.72005511811,-0.0154214296108264
1136.61983543307,0.00969071987151503
609.453887401575,0.0145051011334056
1486.93314409449,0.0145643421882326
782.695725984252,0.00915711922046704
1011.44573149606,0.0137691905554927
1291.98213464567,-0.0257369399666931
1282.63172125984,0.0364974049701693
770.594361417323,0.0214965049286704
1330.8330503937,0.0124608643632072
1303.5255480315,-0.00596312524589457
1623.96271968504,0.00117593924989357
1768.54447007874,-0.010978706203819
1347.73407637795,0.0166896365880343
698.624859055118,0.021935617390742
411.765351181102,-0.00228714018550555
1102.0183519685,0.0115153896317375
1436.96516377953,0.00511222493492214
1453.52202992126,-0.0135264488242871
1455.18199527559,0.0143161355343929
1390.84397716535,0.00754463289624732
1124.56831574803,0.00409485467294
974.406666141732,0.00899980058960803
1530.57186850394,-0.00168266800325524
1665.90863385827,0.0165519356281697
538.251268503937,0.0170507095237325
526.996322047244,0.013593946547236
1302.16618503937,0.0138115841269328
1045.33845433071,-0.00469229898624068
1097.06999055118,0.00402699046602747
658.375079527559,-0.00502987383250605
1492.81251338583,0.00854711744194193
1401.56776929134,0.00319314243830404
1222.89883543307,-0.0036638048580683
1217.77968031496,0.0183475884816246
474.568155118111,0.0065405961831773
243.260041732283,0.00607852457867818
1198.84519527559,0.00934060911790542
1345.67745984252,0.0132232156812021
1389.38682047244,0.00310224363638324
647.858518110236,0.0188210749836969
2257.02741574803,-0.00170043169655128
1321.18331023622,0.011742986952093
1056.28554409449,0.006641271483775
2236.7833984252,0.017588492403542
1244.8398015748,0.0116377306019499
1203.3585992126,-0.00442155356863759
2165.16992992126,0.00237909532355683
182.349038582677,0.0154105428813185
1384.59668818898,-0.00250699822686434
1051.93429055118,0.0028014034180019
790.957850393701,0.00683666133109131
1494.72228740157,0.00519721687766442
1574.97875433071,0.00448898661794586
1312.44642519685,0.00839942440459829
1521.02080866142,-0.0193929193142438
446.950392125984,0.000899944488458454
1256.2472992126,0.0148069330142767
979.384674803149,-0.00916878203366261
1656.63913779528,0.00302039914415216
886.65191496063,0.00550670180601141
1417.44017874016,0.00623639293548266
1317.42058188976,0.00306968045832054
752.683983464567,-0.00207728500056589
690.095296850394,-0.00226030062463957
1327.94051889764,-0.0017259131109638
1621.26308267717,-0.00148014249758821
1444.79787480315,0.0102208497038486
-97.6634811023623,0.00187059882401763
500.676682677165,0.0170103639509127
1678.0311,-0.0120307415371846
1156.14672125984,0.00196839614760681
1659.07026771654,-0.00907473578123064
1678.50951338583,0.00489453346052482
1189.2255015748,0.010546319800374
1692.38585984252,-0.00809217071685342
-29.1970299212603,0.0163385233929948
1480.8231496063,0.00961660387934055
859.589945669291,-0.00110217896274259
1061.43578661417,0.00781190749513601
1103.36722440945,-0.00251676394660114
2154.71366456693,-0.000523328321126185
1326.14096141732,0.0110221668903297
2182.46046299213,-0.00327633429804848
1640.74742598425,0.0069520283270546
2272.09918267717,-0.0145185209138385
1020.82791653543,0.0276493934151455
1345.73630866142,0.0029474580564493
887.314766141732,0.0232348784943976
889.218479527559,0.00663841506464669
1098.07891181102,-0.00909165871719834
475.324037795276,0.0200671635758056
745.175511811023,0.0135373139959148
891.351269291339,0.00678777883770688
678.842858267717,0.0104054929478784
1196.4779496063,0.00386467040695888
111.772151181102,0.00196137905759726
1876.32176929134,-0.00344923927630196
1374.19430314961,0.00251232302327711
1490.11834488189,0.00666448932076509
1668.72397795276,0.00613589009792666
1530.47771023622,-0.00556947835319353
1187.80454330709,0.00503219130462901
1100.70999212598,-0.011452979568519
1530.89658346457,-0.00889975046753652
504.549494488189,0.00649835351689868
706.998875590551,-0.0127825833885754
1439.74907559055,-0.00733402318550017
1394.98936929134,-0.0117523430721057
968.160894488189,0.0199646342975095
1136.73352677165,0.005144701881464
2110.94109527559,0.00218821107320517
850.416677165354,0.00848393129503576
1400.71490944882,-0.00431178084258975
1366.35076141732,-0.0105936716842633
1419.13097086614,0.00467878219534673
1223.68661811024,0.00368984677736638
1046.79594015748,0.00347426797523
1653.30438976378,0.00412575789422626
1110.74855905512,-0.00536590729033615
697.261230708662,0.00581545376643115
1160.2371992126,-0.0048883140120832
858.879099212598,0.0135397069206185
2061.08293622047,0.00778267500956631
2082.73389055118,0.00684543538833826
862.182917322835,0.00725209246174824
1404.94964251969,0.0135185586401289
1220.59499685039,0.00937315073808792
640.850109448819,0.00922911176144051
1060.18773385827,0.00169061208211396
2003.00683858268,0.0229326154559222
842.34032992126,-0.00483552954238009
1175.47554330709,0.00412399014804873
1373.57638031496,-0.000925598365912675
1095.42923779528,0.00480261065929387
719.593251968504,0.0017470937282737
707.270723622047,0.0144442109007421
1469.99369606299,0.0125521619859119
1044.18182204724,0.01068113200429
980.915417322834,0.0136559254528502
1202.11306614173,0.00727047055463036
1448.03428267717,-0.0121382183489897
653.589888976378,0.00373388952664284
1322.76267244094,-0.00898290999046064
831.535615748031,0.00735096767934809
546.206988976378,0.0114959228659046
1842.34257952756,-0.00644611877314104
877.056251181102,0.0146252539787763
741.009357480315,-0.00114482044980517
1076.83082519685,0.0159084975774332
1367.26040944882,-0.00260497879243535
316.955636220473,0.00872595083725416
1263.06388582677,-0.00906546589273877
1109.75706535433,-0.00298440826313549
282.301696062992,0.00165833993543416
1870.58644330709,0.0111045072138057
1382.65253622047,-0.000627646903479981
896.987240944882,0.0219424296808895
1149.21558661417,0.016524524783478
927.405573228346,0.0101123273348531
934.963082677165,0.0221723013576075
1047.71577716535,0.0130113556134025
638.731023622047,0.00738209725837657
997.413781889764,-0.00138226972141829
966.386759055118,0.00693088004656503
911.250805511811,0.00718695532668273
1350.88252913386,-0.00207216500401516
1110.78623700787,-0.0028732989485144
1864.06772598425,0.0112654583474807
1204.82195275591,-0.00309438578904536
249.134979527559,0.00521367631920752
1536.46441102362,0.0184611338367098
1648.57316771653,0.0053111502745935
915.551295275591,0.00495561771411017
1424.92587637795,0.00497044953569716
1108.07206535433,0.00378077791610751
1048.46749291339,0.00216031517620872
1319.42308503937,-0.00653244730445655
1525.96825826772,0.0147679348089702
952.951957480315,0.00294246740717985
520.890042519685,0.0115385104582666
1005.11626850394,0.00087897944995069
1564.82323228346,-0.00457435582359188
979.424264566929,0.00393488442281471
969.57055984252,0.0161905285453281
649.464276377953,0.00297347841786717
1954.74271889764,-0.0029280128484966
1218.35978818898,0.00620599632438143
685.69667007874,-0.00361121440928713
1138.13167795276,0.0125916129067029
1217.39469212598,0.00587357381148711
1009.24258031496,0.0171488948891656
930.239175590551,-0.00447738847839092
831.692739370078,-0.00165533261114434
853.476596850393,-0.00210318679364258
1552.39701732283,-0.00305373840590255
1352.11638976378,0.00552929446447531
913.986202362204,0.00329828022010595
2348.13339291339,-0.00818079516241169
1278.67107637795,0.000407120567834568
630.273272440945,-0.00607951624116801
1301.03932204724,0.00695244870571876
1400.58923149606,0.0159019978765488
981.748905511811,0.00644950336033458
1193.47242834646,0.0252539787762669
1431.1770496063,0.0292352449783613
2082.87093543307,-0.00346220634125047
1120.49729212598,0.0147168965275645
909.467569291338,0.00150185128296335
1321.25178897638,0.00513038744900214
918.364377165354,0.00476640419947506
1619.86427401575,0.00787247435959622
1842.1928503937,0.00955920602327173
1895.20846692913,-0.0143842907726883
1069.96246456693,-0.0142229947129299
1222.74646535433,-0.000117781478547213
589.299690551181,-0.00522458460659564
1469.86278976378,0.00582215826717758
1074.69857007874,-0.000189321304036177
1873.32337401575,0.00391816628670903
1177.41478582677,-0.00686235832430598
2074.14445984252,0.00666045799716514
398.677292913386,0.0161554215374002
1262.87882755906,-0.00319853190835745
1663.49498661417,0.00156986639503737
1504.06828740158,-0.00280125251284041
1326.13595511811,0.0018046317105639
1180.12977952756,0.00552448705718767
811.561935433071,0.0166399887899023
768.806943307087,0.0133031091852738
1292.63838976378,0.0078724420227759
1729.30109527559,-0.009690515071653
2183.47081889764,0.00995090192781344
1686.23715511811,0.00889042668434413
1296.48322755906,-0.00188379224670839
732.013099212599,0.0129867904088991
1302.46632283465,0.00733458369038571
669.793565354331,-0.00148083234975505
978.157800787401,0.0109325831191019
1065.56541417323,-0.0073802325017381
405.553012598425,0.000826227317067912
584.678343307086,0.0150479393361251
1379.80004251969,0.00749252749977095
1301.49108740157,0.00328697311193391
1195.06414645669,-0.0100235843209537
1245.84362125984,0.0181258656836273
929.988781102362,0.0110980398497416
1499.12052519685,0.00686606627970271
1046.09617322835,0.00902520655143979
1148.0139519685,-0.00551648908362841
1264.82007007874,0.000926751712504115
1156.17657874016,-0.00551942095533746
832.442322834645,0.00470981476391426
953.990853543307,0.00716131222816861
1317.62116929134,-0.0012852269236366
1659.01056771654,-0.00176674373608843
321.014494488189,0.0125723401617919
369.990843307086,0.0162579615946364
1189.53192125984,0.0067647226848184
1391.13775984252,0.0193735818956922
1277.70601338583,0.00750216387222645
530.59277007874,0.0136351867720847
1163.16278346457,0.00955131583911355
1103.24657874016,0.022315337892825
1559.71415826772,-0.00535024549036094
1561.97986771654,0.0237931198025298
822.481954330709,-0.00680041175551206
1657.10564094488,-0.00101524681078109
1739.11504173228,0.015346925576808
469.493922834646,-0.008689809051076
771.888533070866,0.00369166841824443
1052.78406929134,-0.011426635838898
1419.85608740157,0.0123243059709939
613.638103937008,0.00399322004667282
695.274236220473,-0.00478864115291544
1022.94014566929,0.0085099193196333
1752.6578015748,-0.0116476687847284
679.448188976378,0.0165444334858553
676.33584015748,0.00535952615779291
1492.62734724409,0.00321274933035834
1834.38672440945,-0.0104917783634335
1429.44451417323,-0.000800120724129202
-24.4774259842516,0.0136101796310369
1021.91133543307,0.0117060798611672
1445.21110472441,0.00191548233062243
1285.48548740158,0.00559779462885415
1898.44759055118,-0.00485343336189752
1350.5388503937,0.000760044624812051
907.32261023622,-0.000828846599513877
1437.90376062992,0.0114075786727891
1126.44340629921,-0.00306866723795049
916.602644094488,0.0132379181555078
1151.70238346457,-0.00271656238042113
1414.91111181102,0.0132366139037548
1023.49177952756,-0.006065288040227
1210.2683023622,0.00457128382566142
1556.19370314961,-0.00424793718033706
1371.85910944882,-0.00499112354282204
1431.49909291339,0.00166765293968645
566.375089763779,-0.000919044770327726
968.822474015748,-0.00297700313128209
1050.14832125984,0.0120788371679413
346.503433070866,0.00404767525209246
1029.4199007874,0.0144558521560575
832.768807086614,0.00896082394218177
333.289753543307,0.0098447940414019
1348.73566220472,-0.0087099009954351
1023.41306614173,-0.000556484340894753
1307.30422440945,0.00620932701687443
981.188711811023,-0.0180923539588352
1041.44473543307,0.00771878823155318
311.870615748031,0.0144892129756881
1280.89602755906,-0.00549854214835055
1661.89755905512,0.00892611575503781
1444.19685590551,0.0101441252081683
1525.46432125984,0.00419768576155907
1453.44121889764,0.00442312729389319
1357.99254724409,0.00338356319423111
876.253166929134,0.00400851536268439
462.693151968504,-0.0118839862676303
838.843705511811,0.00841301664807299
1625.08527007874,-0.00770682360803461
1347.5493984252,0.00690313505473007
1044.6171015748,0.0129189046441063
1456.14189133858,0.00455777781370759
1513.85466141732,-0.0135001482104265
1222.51338582677,0.00826000959325669
1159.98808897638,0.00332657493788635
1743.50209133858,0.0281252512840412
1824.63070708661,-0.0162707561965432
892.004496062992,0.0167676329986472
987.090281889764,0.00273815259745508
276.817318110236,0.0103027804276005
1172.2695992126,0.00623377365303669
1358.34052755905,-0.00363973548480978
1439.43103700787,9.76571973677759e-05
1139.95766062992,-0.00468520644365041
1600.37965669291,-0.0143502832166513
1201.43396456693,0.00538304580510598
1556.68306535433,0.00975698879529176
270.371603937008,0.0179103515551316
1108.72976456693,0.00575699957423187
1279.41514015748,-0.00323472758923615
1162.59967086614,0.0149087508825257
929.499237007874,0.0141466367012132
1297.04439370079,-0.0027590421833821
849.286579527559,-0.00309251025346678
909.114296850394,0.00653754574312708
516.269597637795,-0.00848705718766674
458.225648031496,0.00413394988870744
754.427877952755,0.00753141791567635
785.379572440945,0.00435017542725023
1589.84831338583,0.0123243383078142
1792.33962677165,-0.00741428317353555
1243.45490551181,0.00182253553008133
1802.79756692913,-0.00979264552916512
1133.08010393701,-0.00689256091448527
1077.95317637795,-0.0156371700970643
753.425437007874,-0.00215587425288472
1547.76743070866,-0.00545565274566551
649.668443307087,0.00753377850355975
809.126615748031,0.0152832867144174
786.511495275591,-0.00342218413663385
1587.72111338583,0.0163967404485117
445.651133070866,0.00904301336049626
1203.75152755905,-0.00295793518623315
1004.42498976378,-0.00272499151158466
1240.39720551181,-0.00166390186852927
2135.69253622047,-0.00817812198526519
715.16285511811,-0.00292789428015543
1849.77769133858,-0.00620530647221459
1089.27687952756,-3.19164416563017e-05
1218.87675984252,0.0162214748823748
1079.3439480315,0.00684043396012869
449.908563779528,0.00270326116832932
2511.31615826772,0.000846567177049479
1661.58518818898,-0.00662376648504152
1840.34071968504,0.00918343061326779
764.841254330709,0.00954858876726651
1363.50005826772,0.0108794537233154
769.769822834646,0.0123770581038766
864.73352519685,0.0110529407643346
716.175422047244,0.00575502702819232
1406.59444409449,-0.00448237912766038
1234.50117244095,-0.0152164788436353
1067.72307874016,0.0170081219313705
991.325839370078,-0.00173044026580867
342.666334645669,0.000955553040469542
329.09381023622,0.00804888249338442
1445.28372362205,0.0107899669625486
1649.67160551181,0.00737994147035523
1239.00222440945,0.00896089939476252
1788.57925275591,0.00459907193325682
987.953897637795,-0.00987727098794375
1402.7713488189,0.0129709884827025
1797.90696535433,-0.00236510425929819
1312.62659212598,-0.00318458395985922
597.691262204724,0.00153926498407411
696.867257480315,-0.00593974572480288
1706.10392755905,0.01589304057732
1465.88702047244,0.0118874247495244
1179.61967401575,0.0198529644780029
1825.72596141732,-0.00345000458104955
1264.90576614173,-0.00371642764366981
555.389266929134,0.00610564439198694
1087.04670787402,0.0121782405536064
1546.6167023622,0.00727709960279606
1186.68592440945,0.00313668235002453
598.024179527559,0.00489692638522854
1062.06503385827,0.00783622478401698
992.145740944882,0.0126314195325174
534.495941732283,0.00435683681223624
1327.55817165354,-0.00649668278118214
1637.90199685039,-0.0121655968568611
958.288975590551,0.0166937002484546
1861.67493070866,0.00904706624197643
1296.37108188976,0.0123854441192797
1567.79280629921,0.00174612362366409
1254.17892125984,0.00851821910351555
1424.22642440945,-0.00561243242951921
1275.95882519685,0.00218105385697424
1407.17074409449,0.00785030207979649
934.843664566929,-0.00984514974642545
76.0024503937011,0.0166334567521976
1841.29792204724,0.00511331360787293
1517.69502204724,0.0101923070704458
1627.53679527559,0.0083429966531391
1701.73543149606,0.0121908842503517
726.391145669291,0.00120993602699047
954.122106299213,-0.00446526217077074
2061.5117503937,-0.00916423332093756
1459.72353307087,-0.0121264046306327
1422.50736456693,-0.00198193449638097
2103.22314409449,-0.00573266072747065
690.764814173228,0.0155341557664635
1838.3698015748,-0.00844917999213138
1464.45501259843,0.0106747077559864
1022.54774645669,0.00401545700011317
1265.64287244094,8.83873088759063e-05
1548.56047086614,0.00676532630546438
1349.61614645669,-0.00234981972222671
105.855673228346,0.00878758481678496
859.481326771653,0.00137643831482051
887.443033070866,-0.00296016642683525
1114.96521968504,0.0046801403418002
844.753133858268,0.00939021380027702
1452.77548110236,-0.000803106490538788
910.171661417322,0.0125027944402227
1296.11696299213,0.00521168221528778
1326.77100866142,-0.00100524395436197
1207.22452992126,0.00303128587366004
981.533617322834,0.00309876203872873
1569.81381102362,0.0192634211278005
1606.30043779528,0.0244480805402405
1473.47285826772,0.0117886142055652
87.1692149606301,0.0231643626682188
1086.84262598425,0.0110820762394434
1150.35078110236,0.0126605657865662
1154.58940629921,0.0080096363724555
1100.42483307087,0.00446085358426707
814.457501574803,0.00735434148760153
1228.46395511811,0.00866350843721536
476.569821259843,-0.00425486803882574
1788.27345984252,0.00507727961109584
622.711096850393,0.0149322274140784
1205.71766850394,-0.00621451168706581
1307.65455905512,-0.00320630352417446
657.186415748031,0.00965068688795831
1606.1458992126,0.01496669846454
1313.86864488189,-0.00985687723326165
998.779684251968,-0.00373598064102357
1294.27264724409,0.00353585883900037
861.789896062992,0.00786360329188832
1422.5435480315,0.0109066058734445
1178.49413385827,0.0125676297649652
320.077693700787,-0.00322087665119888
427.842176377952,0.0181643249419284
1057.60791968504,0.0103296415463467
1547.82497007874,0.00342532080820493
1117.82261023622,0.0152358809358276
745.372035433071,0.0137946288541448
975.389472440945,-0.00557953510431319
827.537323622048,0.0175533207219734
1611.47976456693,-0.00639754886901971
1005.54691732283,0.00760070494268299
1615.18679212598,0.00689667846960609
973.566435433071,0.0137103698793298
1148.41251102362,0.017910901281077
1656.54683622047,0.00951777177750111
1212.98815354331,0.0117406263642096
1021.23069606299,9.11359386031596e-05
1557.14933700787,0.00596544271801755
1086.16932992126,0.008014530011264
1431.35439133858,0.00981476391426431
908.410708661417,-0.0199596005324797
796.031236220473,-0.0063882035279471
1204.15518188976,0.00914507914436774
1202.83672598425,0.0178392967819474
936.546992125984,0.00165949328202558
1222.36016141732,-5.46492263416021e-06
1341.92240866142,0.00231401208319186
627.615794488189,0.00133313931241141
1404.17103464567,-0.000692870270066342
1669.81448425197,0.00520520407228357
1693.18665748031,-0.00187950222854587
845.519642519685,0.0129040836014595
1533.59162519685,-0.00330329242725563
711.978748818898,0.000727190415366466
699.240518897638,0.00631776315434904
695.328445669291,0.00258253703913294
1601.75085275591,-0.0110193320290816
829.06288503937,0.00329485251715199
753.199024409449,0.00451536268438725
115.232644094488,0.017015537842164
418.484673228347,0.0118021848911597
949.190953543307,0.0200247161096649
1016.55741574803,-0.00759467951516328
1741.13216535433,0.0032376594609452
947.056893700787,-0.00902293219507726
1282.33013070866,0.00669251456504281
1850.52057322835,0.0167152042339677
1508.37977480315,-0.0118195821004921
-47.8205267716535,0.00607325367696596
1457.62576535433,0.0116819781510884
782.442140944882,0.00264525969161453
1462.57243779528,-0.00391219475388986
1157.33504724409,-0.00218876079915062
340.123620472441,0.000312352126415408
1348.12543070866,-0.0149668493697015
551.604296062992,0.0194006370353603
1107.38277322835,-0.00106115431669604
1133.7986519685,0.00482942866227963
1386.66407559055,0.0123428565269177
1615.59018188976,-0.00648988126997473
379.822525984252,-0.0141272238300808
717.79929527559,0.0216882838310509
1429.96012598425,0.00804056115162197
1837.76511574803,-0.00117659676524007
896.844237007874,0.0268745924213272
1192.92806299213,0.00425390871315623
1370.03893779528,0.0119427961648531
1405.61086299213,0.00289095485240937
1982.83439685039,-0.00348953095442125
880.993696850394,0.0162723838164993
969.505396850394,-0.000245608929273985
1639.66022913386,0.00203451416622202
1449.78360393701,-0.00705985006494311
692.567583464567,0.00338813346483641
1443.45081417323,0.00753793917444098
541.542183464567,-0.0129842896947943
1797.45945826772,0.00259472802039375
1017.2096480315,0.00286014864158407
858.776028346457,0.000301346828566348
1885.19269448819,-0.00966888173885862
811.019502362204,0.00866739963459394
1980.34262677165,-0.00395520272491606
1495.39324015748,0.0123392455819819
211.473473228346,-0.00433818924585144
644.692832283464,0.0138723881280754
1560.40229606299,0.00287114316049303
922.006562204725,0.00454984451378895
1507.72058661417,-0.00496018798471547
1632.0118503937,-0.00952894953839188
1117.50799291339,0.0102154710127353
1268.90664251969,0.0105363061650148
1111.45727559055,0.0102986520935396
726.924778740158,0.000878515955526085
1179.89471889764,-0.00890833050386156
1978.6458496063,0.00439713926929565
1150.61347086614,0.014900709793206
1132.89514409449,0.00732603599088101
1052.93828267716,-0.00211300640807989
882.623324409449,0.0336676637186266
682.123739370079,-0.0112897971942419
1971.9184519685,0.00586121036718459
685.027369291339,0.0170888885295909
1424.90584645669,-0.0165542746581729
1189.55202283465,0.00734173012767654
1093.14838267717,-0.00168736762114181
1265.39613149606,0.0111208588659477
911.890555118111,0.0028465995138698
1227.20350629921,-0.00277101758584079
1044.24776692913,0.00920822217551349
1519.79170787402,-0.00710512161339175
1366.3918,0.00422000894652028
1350.34078582677,0.0258357289527721
1069.4769976378,0.0123428349690375
966.213,-0.000199733760179358
1672.52692519685,0.00833255186017559
1200.89748425197,0.0191777501118315
1094.16586141732,-0.00782434639201927
1857.31832204724,0.0172121133728921
1049.24222519685,0.00395637762938771
1304.93863700787,-0.000458406764862807
1988.82898110236,-0.00130952265463737
1215.14163385827,-0.00405942429680889
1147.40676377953,-0.00168177335122638
617.568203149606,0.0140926773270384
961.798103149606,0.0012017763693296
947.254027559055,0.0153245808339666
906.91928503937,0.00441739289775636
567.858611023622,0.00215868755625259
541.07791496063,0.0183240903921917
1000.96406456693,-0.00833009426183123
1459.44979448819,-0.0117264305000889
1873.69383937008,0.0186591968611726
1583.26981102362,-0.00139250971451976
845.803518897638,-0.0040107358243464
1451.64749291339,0.0122730305529057
1555.34661181102,0.00390558726360438
885.11912519685,0.00519810075075318
1684.3707480315,-0.0127741003627113
736.771558267717,0.00324878332713543
1115.91203070866,0.000575369043961896
326.535416535433,0.00672437711199857
852.810051181102,-0.00131235751588547
1069.61985748031,0.0102055975035975
1067.58840393701,0.00361948185634907
561.835709448819,-0.000562046273989869
1065.18994251969,0.000502438735199173
816.514232283464,0.000335850215848282
1198.21969606299,0.0134618290783467
1199.87606850394,0.000768290513993769
267.015192913386,0.0111422873988801
1110.87861574803,0.00773678906153158
1071.16350866142,0.00338141818514986
1242.22642677165,0.00905956981250033
1018.97393464567,-0.00112647469374337
1368.22954409449,0.00937213751771789
1580.63735354331,0.0164265226600268
1585.71902598425,-0.01783148205037
833.522297637795,0.00970637089255014
958.777499212598,0.00357278748780632
1507.74361574803,-0.0065337838930298
2107.30427086614,-0.00493211962467731
1791.2420007874,0.00598714072445256
1157.90609448819,0.0141669657822546
1103.45443228346,0.00097153820864794
1533.98825748031,0.000554608805316173
1981.91636614173,0.00401633009426182
1223.98739055118,-0.00382689022188448
2004.91211889764,-0.000822788835173838
1281.22916771654,-0.00568950185128297
183.561875590551,0.0147509256414817
1048.87732834646,0.00746551547586326
1097.12172677165,-0.00159230814833977
1341.33310787402,0.00844487919502875
739.515655905512,0.0222128301724091
800.445047244094,0.00624408909871892
1106.95190393701,0.0145110511083445
474.084158267716,0.0110869590993118
958.762847244094,0.0117625291705067
1294.14788188976,-0.005371544676012
878.291240944882,-0.000219437662694624
1669.69751259842,0.0151331360787294
1107.90161181102,-0.00465236301314492
883.409921259842,0.021119177351291
914.389873228346,0.000425142955693167
840.392567716535,0.00564084571564079
1747.24022677165,0.00730854177108765
812.945023622047,0.0153062674147251
1181.25045748031,-0.00269277325960537
1217.11503622047,-0.000535497744506785
1540.32517952756,-0.00913514096158925
828.43090472441,0.00736496952254685
2632.50487952756,0.00408360145946848
1203.53550708661,0.00200910820439026
1242.24717716535,-0.00846290158288736
458.750809448819,0.00292945722647092
1024.87961732283,-0.00012294459085839
1336.11822440945,0.0177570750268126
860.582124409449,0.00725834424701019
768.708134645669,0.00540414019089502
1727.67034330709,-0.0127890723105197
1384.48990314961,0.0124467439516672
2083.28209291339,-0.00795570933510108
884.731025196851,0.0107110435630864
1207.24331496063,-0.00240776730424097
967.337782677165,0.00809413248395285
1675.74688188976,0.00606786420691253
807.343097637795,0.00578278279896738
1009.53132992126,0.00385492624510232
1725.51165275591,-0.00893773545247296
618.387125984252,0.00216849639174979
733.270364566929,0.0113680846362377
1641.60462834646,-0.00497396347017197
584.261482677165,0.00775069389426938
1000.07499448819,0.00655152602844562
997.145774015748,-0.00898683352465951
1654.77152992126,0.0165357995548298
1828.59107874016,0.00274077187990106
1804.74838031496,0.00759388187359537
1302.89618818898,0.000235519841334006
948.812641732283,-0.00583448937465979
1152.7794992126,0.0025793033571009
996.024006299212,0.0150816558607792
756.524384251969,0.00861550981691971
860.719559055118,0.000269301039628772
826.490126771654,9.97590906886142e-05
1101.90934566929,0.0130336680194237
288.714633858267,0.00460387934054445
2223.90251259843,0.00836434973349071
380.703953543307,0.00484949904875853
1223.59632834646,-0.000938026483855853
1511.23116220472,0.00867611979714034
1311.58999370079,0.0140097010460961
1534.63488582677,0.00387561103116731
1228.50416929134,0.00763842045411674
1592.67652992126,-0.00136281373452547
1285.78754409449,-0.00638743822319952
1399.32080314961,0.00628636410181786
2162.18977795276,-0.00310450721380566
1044.74830944882,0.00345715101834036
1274.22628346457,0.00528372865096174
1162.29059527559,0.00829697057888298
667.167905511811,-0.00586525246972465
1514.21892755906,-0.00322048860935505
1842.27567874016,-0.00153277606212981
1472.5257488189,-0.00686616329016368
1599.48717559055,0.0184682694950605
1080.69867716535,0.00594292551213439
714.841215748032,0.00427464739392175
1742.98081496063,0.000470188146399569
1118.56735826772,-0.00267703600704942
809.623160629921,0.011790920898748
1339.23208740157,0.000608492726910159
1268.67266377953,0.0211747859033021
996.628101574803,-0.00692971592103349
807.620365354331,0.00713905371684803
1550.21854173228,-0.000928907500525475
1347.96464724409,0.0119345502756714
1556.65423464567,-0.000107864853648942
1191.12607401575,0.00244660382544584
960.47455511811,0.0173184799538661
1070.34155905512,-0.00543730698960372
1280.57636456693,0.00632469401283771
1690.06832204724,-0.0110933617897352
1471.69562677165,0.00433424415377236
1118.69214173228,-0.0012186993052973
1053.59871968504,-0.00432405805537142
766.997785826772,0.00218919195675489
1181.68152755906,0.00976191477092057
1644.13816299213,0.0143205225630164
652.536096062992,0.00992340485160094
1513.06096535433,0.00477408958377122
1366.89582283465,-0.00333088651392908
1192.25789212598,0.00603733824853002
1334.55414015748,0.00281161107428306
458.391248031496,0.0186061644758471
855.231432283465,0.0106146690595914
1919.18193385827,-0.00305311322737635
1643.82662913386,0.0101567365680933
241.981717322834,0.00656462244067541
679.108444094488,0.0161852468646758
1141.13006299213,0.00630133604962624
1128.83440708661,-0.00667992476299806
1648.05247637795,0.00597695462605162
1585.91673385827,0.0152372821980415
-20.862248818898,0.0140096255935154
1196.85208818898,-0.00517049588513963
1428.15791653543,0.0113861285819765
138.229296850393,0.0203429319794984
1710.60988267717,-0.00984172204347146
1304.44632913386,0.0116534031808652
1163.46038267716,0.0150792629360755
1171.21977559055,0.00855460880531618
1676.00234173228,-3.09571159867877e-05
1124.82014645669,0.00662100707637417
1665.99861653543,0.00441558203581842
737.788118897638,0.0158096439177136
969.791376377953,0.0184873158822293
763.608942519685,0.010955294345907
1333.5845488189,-0.00287499124211116
942.385360629921,0.0141291424814198
1263.47354173228,0.000157178504637631
283.33907007874,0.00793351549742115
1320.08843149606,0.000303049901103219
810.501663779527,-0.000280133874436136
724.335479527559,0.010928055964257
791.91428503937,0.00306771869122109
549.525171653543,0.0133174990703164
1521.34397480315,0.0102131104248519
1507.59439133858,0.00399230383676372
1042.54924094488,-0.0082358539884773
848.572247244094,0.0118626439662188
1490.55116062992,-0.00214801640554683
525.882849606299,0.0142510415150878
1565.40654251968,-0.00192648762847149
1773.0975496063,-0.00621904962085079
1263.87230551181,0.00660450451907063
1843.90137559055,0.00163366694152964
1216.84367165354,0.00317043121149897
701.857737795276,0.015636932960382
1557.79649055118,0.00645306041056982
718.473821259843,0.0190921976642037
1443.00774488189,-0.00300963098298544
961.825617322834,0.00987461936867746
1468.80743700787,-0.00136370838655435
1100.24450551181,0.0164604116477227
385.322022047244,0.0138746948212582
2023.05609606299,-0.00445982958495691
1423.20996771654,0.0141852792014961
1623.88412677165,0.00970876381725384
1824.5608480315,0.0111628751744841
924.311507086614,-0.00190408899092952
1708.10938110236,0.00884878763871148
1238.9262480315,-0.00117170312643157
1434.68342913386,0.00930793815044167
940.613166141733,0.00676530474758417
1095.07907165354,-0.00584599050375377
1659.15458818898,-0.00240128916123679
1133.10454173228,0.0110796940936798
989.218003149606,0.00869180315499576
1935.16389606299,-0.00957819851573995
1082.51781811024,0.00597908885619278
2178.76810551181,0.00890781311473643
713.400448818898,-0.00678574161802671
1295.20516456693,0.0120150905161495
1060.60452913386,0.0119006289511552
1340.91990314961,0.0123644683018319
929.976751181102,0.00117263011528076
1197.29753070866,0.0085759942224881
1277.63568661417,0.012747023665163
973.817173228346,0.000732310411917195
1374.22784094488,0.0145775248319833
1318.26995748031,0.00713391216241707
1000.85366456693,0.00786142594598672
541.265283464567,0.00733753711997499
1615.41630472441,0.00627888351738372
1016.67988188976,0.0105124954863188
1460.36246377953,0.0131768446808625
751.978412598425,-0.0172395996701644
833.654780314961,0.0208889715274297
609.605969291339,0.0169567171660011
1650.80381023622,0.00279710262089929
1661.87208267717,-0.00301449228497362
1049.19735511811,0.00248660447218224
356.824013385827,0.0106093119263583
970.561328346457,0.0128380733722453
1218.72966614173,0.0128496607328601
440.137047244094,-0.00214475038669448
1218.13927086614,-0.00755181167035845
1727.57350629921,0.00555825747654233
829.854899212598,0.0133080136030224
2079.00207559055,0.00293229208771902
1932.23449606299,0.0024470026462298
1145.39268818898,0.00176233514958474
625.215031496063,-0.00157219464610045
1546.1108992126,-0.00388511805634152
697.867894488189,0.00945168609570621
622.528576377953,0.00770260904245286
480.489521259842,0.0105973257449595
1068.47494251968,0.0015076180159205
601.082592125984,0.00767460535605534
941.572741732283,0.00168050143629377
1951.23338582677,-0.00302591796148685
1020.46795590551,-0.00087020539270373
829.891677165354,0.00505960214932066
1005.3720992126,-0.00299146846890545
909.692574015748,0.00625346677661186
1851.06562125984,0.00855298118536003
1301.44009685039,0.00828641799651841
1075.77681968504,0.00373312422189527
2093.95876614173,-0.00936989549817566
2005.90027480315,0.00475310298738325
1528.51806929134,0.0117064894608913
2054.74191102362,-0.000353247425180683
1022.61205275591,0.013285464060319
1113.16841732283,-0.012761553676427
876.532657480315,-0.0162525505667028
1069.08175905512,0.000183845602461902
2045.40022834646,0.00814947156246126
883.949932283464,0.0122845316819997
754.593548031496,-0.0125155135895487
721.028152755905,-0.000387438223199518
979.660134645669,0.00323998771200829
1121.88495511811,0.00786860472009787
1253.70095984252,-0.00340562768462978
942.600177952756,0.00665346246503581
1312.50411653543,0.00176719645157292
1150.04861259843,-0.00596385821382184
1589.27483307087,-0.00275063461009878
1666.95293070866,0.00295603809277434
1296.51387086614,-0.00172447951192958
1623.27936062992,0.00659204406430715
925.014634645669,0.00733352735425526
881.356136220473,-0.00036459764911316
932.296596850394,0.0149265253547619
1077.1867992126,0.000503861555293264
851.788907874016,0.00927409227850624
1583.02205826772,-0.00253749184842654
1681.93701417323,0.0136642575735528
1822.52139133858,-0.00242086371647077
1043.0479496063,0.00732786841069917
1829.38341653543,0.00490710170468937
720.699899212598,-0.005083854764561
1378.69586614173,-0.00167713840698044
227.157317322835,0.0047123909305998
1001.49026771654,0.00679632653721159
653.925851181102,0.0102136709297375
1293.18729685039,0.0043411103386204
271.314202362205,0.0114431060593812
686.817396850393,0.0104559815033388
1341.3148007874,0.00306230766328747
1595.21958976378,-0.000584326343190666
1163.29580629921,0.0174311522148027
1929.98674488189,-0.0167658005788291
1182.68172519685,0.0114386974728775
1259.84371811024,-0.00686144211439689
1115.23398425197,0.000412801069270871
1180.79165669291,0.016528351307216
919.899133070866,7.24883722183628e-05
1061.43452440945,0.0123145402512571
1517.87839448819,-0.00251097565576378
1468.63539212598,0.00936669415296394
1293.9444007874,0.00927500848841534
1192.87859370079,0.00337553288385153
683.717969291339,0.00544458277417582
989.673648818898,0.00634156305410488
1658.44890472441,0.0137756579195568
1704.41524015748,0.00960210620489689
414.834520472441,0.00596283421451169
325.595337795276,0.00842857065864713
1070.80379448819,-0.00979226826626138
648.155407874016,-0.00665858246158656
1815.79439606299,-0.00863029852274626
445.187898425197,0.00906031355936771
1294.61637401575,-0.00463680900257078
1519.70114094488,0.00778711593289032
1314.15216850394,0.00655968568610649
1263.42432125984,0.00465061682484762
1419.24435826772,-0.00584577492495164
1923.37083307087,0.00376223813912378
1575.77170629921,-0.00265099408775135
1404.53676614173,0.00806384366225268
1126.39022440945,0.0112002780966547
957.922630708661,0.0172430489309986
339.89197007874,0.0160179361563377
1530.43714173228,0.00728027939012757
2093.22051259843,-0.012123408085283
